,sampleName,Genotype,HPI,Patient,Strain,ID,ExperimentDate
AA1301_3D7,AA1301_3D7,AA,3,AA13,3D7,AA13_3D7,10/17/18
AA1302_3D7,AA1302_3D7,AA,6,AA13,3D7,AA13_3D7,10/17/18
AA1303_3D7,AA1303_3D7,AA,9,AA13,3D7,AA13_3D7,10/17/18
AA1304_3D7,AA1304_3D7,AA,12,AA13,3D7,AA13_3D7,10/17/18
AA1305_3D7,AA1305_3D7,AA,15,AA13,3D7,AA13_3D7,10/17/18
AA1306_3D7,AA1306_3D7,AA,18,AA13,3D7,AA13_3D7,10/17/18
AA1307_3D7,AA1307_3D7,AA,21,AA13,3D7,AA13_3D7,10/17/18
AA1308_3D7,AA1308_3D7,AA,24,AA13,3D7,AA13_3D7,10/17/18
AA1309_3D7,AA1309_3D7,AA,27,AA13,3D7,AA13_3D7,10/17/18
AA1310_3D7,AA1310_3D7,AA,30,AA13,3D7,AA13_3D7,10/17/18
AA1311_3D7,AA1311_3D7,AA,33,AA13,3D7,AA13_3D7,10/17/18
AA1312_3D7,AA1312_3D7,AA,36,AA13,3D7,AA13_3D7,10/17/18
AA1313_3D7,AA1313_3D7,AA,39,AA13,3D7,AA13_3D7,10/17/18
AA1314_3D7,AA1314_3D7,AA,42,AA13,3D7,AA13_3D7,10/17/18
AA1315_3D7,AA1315_3D7,AA,45,AA13,3D7,AA13_3D7,10/17/18
AA1316_3D7,AA1316_3D7,AA,48,AA13,3D7,AA13_3D7,10/17/18
AA1701_3D7,AA1701_3D7,AA,3,AA17,3D7,AA17_3D7,10/17/18
AA1702_3D7,AA1702_3D7,AA,6,AA17,3D7,AA17_3D7,10/17/18
AA1703_3D7,AA1703_3D7,AA,9,AA17,3D7,AA17_3D7,10/17/18
AA1704_3D7,AA1704_3D7,AA,12,AA17,3D7,AA17_3D7,10/17/18
AA1705_3D7,AA1705_3D7,AA,15,AA17,3D7,AA17_3D7,10/17/18
AA1706_3D7,AA1706_3D7,AA,18,AA17,3D7,AA17_3D7,10/17/18
AA1707_3D7,AA1707_3D7,AA,21,AA17,3D7,AA17_3D7,10/17/18
AA1708_3D7,AA1708_3D7,AA,24,AA17,3D7,AA17_3D7,10/17/18
AA1709_3D7,AA1709_3D7,AA,27,AA17,3D7,AA17_3D7,10/17/18
AA1710_3D7,AA1710_3D7,AA,30,AA17,3D7,AA17_3D7,10/17/18
AA1711_3D7,AA1711_3D7,AA,33,AA17,3D7,AA17_3D7,10/17/18
AA1712_3D7,AA1712_3D7,AA,36,AA17,3D7,AA17_3D7,10/17/18
AA1713_3D7,AA1713_3D7,AA,39,AA17,3D7,AA17_3D7,10/17/18
AA1714_3D7,AA1714_3D7,AA,42,AA17,3D7,AA17_3D7,10/17/18
AA1715_3D7,AA1715_3D7,AA,45,AA17,3D7,AA17_3D7,10/17/18
AA1716_3D7,AA1716_3D7,AA,48,AA17,3D7,AA17_3D7,10/17/18
AS1501_3D7,AS1501_3D7,AS,3,AS15,3D7,AS15_3D7,10/17/18
AS1502_3D7,AS1502_3D7,AS,6,AS15,3D7,AS15_3D7,10/17/18
AS1503_3D7,AS1503_3D7,AS,9,AS15,3D7,AS15_3D7,10/17/18
AS1504_3D7,AS1504_3D7,AS,12,AS15,3D7,AS15_3D7,10/17/18
AS1505_3D7,AS1505_3D7,AS,15,AS15,3D7,AS15_3D7,10/17/18
AS1506_3D7,AS1506_3D7,AS,18,AS15,3D7,AS15_3D7,10/17/18
AS1507_3D7,AS1507_3D7,AS,21,AS15,3D7,AS15_3D7,10/17/18
AS1508_3D7,AS1508_3D7,AS,24,AS15,3D7,AS15_3D7,10/17/18
AS1509_3D7,AS1509_3D7,AS,27,AS15,3D7,AS15_3D7,10/17/18
AS1510_3D7,AS1510_3D7,AS,30,AS15,3D7,AS15_3D7,10/17/18
AS1511_3D7,AS1511_3D7,AS,33,AS15,3D7,AS15_3D7,10/17/18
AS1512_3D7,AS1512_3D7,AS,36,AS15,3D7,AS15_3D7,10/17/18
AS1513_3D7,AS1513_3D7,AS,39,AS15,3D7,AS15_3D7,10/17/18
AS1514_3D7,AS1514_3D7,AS,42,AS15,3D7,AS15_3D7,10/17/18
AS1515_3D7,AS1515_3D7,AS,45,AS15,3D7,AS15_3D7,10/17/18
AS1516_3D7,AS1516_3D7,AS,48,AS15,3D7,AS15_3D7,10/17/18
AS1601_3D7,AS1601_3D7,AS,3,AS16,3D7,AS16_3D7,10/17/18
AS1602_3D7,AS1602_3D7,AS,6,AS16,3D7,AS16_3D7,10/17/18
AS1603_3D7,AS1603_3D7,AS,9,AS16,3D7,AS16_3D7,10/17/18
AS1604_3D7,AS1604_3D7,AS,12,AS16,3D7,AS16_3D7,10/17/18
AS1605_3D7,AS1605_3D7,AS,15,AS16,3D7,AS16_3D7,10/17/18
AS1606_3D7,AS1606_3D7,AS,18,AS16,3D7,AS16_3D7,10/17/18
AS1607_3D7,AS1607_3D7,AS,21,AS16,3D7,AS16_3D7,10/17/18
AS1608_3D7,AS1608_3D7,AS,24,AS16,3D7,AS16_3D7,10/17/18
AS1609_3D7,AS1609_3D7,AS,27,AS16,3D7,AS16_3D7,10/17/18
AS1610_3D7,AS1610_3D7,AS,30,AS16,3D7,AS16_3D7,10/17/18
AS1611_3D7,AS1611_3D7,AS,33,AS16,3D7,AS16_3D7,10/17/18
AS1612_3D7,AS1612_3D7,AS,36,AS16,3D7,AS16_3D7,10/17/18
AS1613_3D7,AS1613_3D7,AS,39,AS16,3D7,AS16_3D7,10/17/18
AS1614_3D7,AS1614_3D7,AS,42,AS16,3D7,AS16_3D7,10/17/18
AS1615_3D7,AS1615_3D7,AS,45,AS16,3D7,AS16_3D7,10/17/18
AS1616_3D7,AS1616_3D7,AS,48,AS16,3D7,AS16_3D7,10/17/18
AA1301_FUP,AA1301_FUP,AA,3,AA13,FUP,AA13_FUP,1/31/19
AA1302_FUP,AA1302_FUP,AA,6,AA13,FUP,AA13_FUP,1/31/19
AA1303_FUP,AA1303_FUP,AA,9,AA13,FUP,AA13_FUP,1/31/19
AA1304_FUP,AA1304_FUP,AA,12,AA13,FUP,AA13_FUP,1/31/19
AA1305_FUP,AA1305_FUP,AA,15,AA13,FUP,AA13_FUP,1/31/19
AA1306_FUP,AA1306_FUP,AA,18,AA13,FUP,AA13_FUP,1/31/19
AA1307_FUP,AA1307_FUP,AA,21,AA13,FUP,AA13_FUP,1/31/19
AA1308_FUP,AA1308_FUP,AA,24,AA13,FUP,AA13_FUP,1/31/19
AA1309_FUP,AA1309_FUP,AA,27,AA13,FUP,AA13_FUP,1/31/19
AA1310_FUP,AA1310_FUP,AA,30,AA13,FUP,AA13_FUP,1/31/19
AA1311_FUP,AA1311_FUP,AA,33,AA13,FUP,AA13_FUP,1/31/19
AA1312_FUP,AA1312_FUP,AA,36,AA13,FUP,AA13_FUP,1/31/19
AA1313_FUP,AA1313_FUP,AA,39,AA13,FUP,AA13_FUP,1/31/19
AA1314_FUP,AA1314_FUP,AA,42,AA13,FUP,AA13_FUP,1/31/19
AA1315_FUP,AA1315_FUP,AA,45,AA13,FUP,AA13_FUP,1/31/19
AA1316_FUP,AA1316_FUP,AA,48,AA13,FUP,AA13_FUP,1/31/19
AA1701_FUP,AA1701_FUP,AA,3,AA17,FUP,AA17_FUP,1/31/19
AA1702_FUP,AA1702_FUP,AA,6,AA17,FUP,AA17_FUP,1/31/19
AA1703_FUP,AA1703_FUP,AA,9,AA17,FUP,AA17_FUP,1/31/19
AA1704_FUP,AA1704_FUP,AA,12,AA17,FUP,AA17_FUP,1/31/19
AA1705_FUP,AA1705_FUP,AA,15,AA17,FUP,AA17_FUP,1/31/19
AA1706_FUP,AA1706_FUP,AA,18,AA17,FUP,AA17_FUP,1/31/19
AA1707_FUP,AA1707_FUP,AA,21,AA17,FUP,AA17_FUP,1/31/19
AA1708_FUP,AA1708_FUP,AA,24,AA17,FUP,AA17_FUP,1/31/19
AA1709_FUP,AA1709_FUP,AA,27,AA17,FUP,AA17_FUP,1/31/19
AA1710_FUP,AA1710_FUP,AA,30,AA17,FUP,AA17_FUP,1/31/19
AA1711_FUP,AA1711_FUP,AA,33,AA17,FUP,AA17_FUP,1/31/19
AA1712_FUP,AA1712_FUP,AA,36,AA17,FUP,AA17_FUP,1/31/19
AA1713_FUP,AA1713_FUP,AA,39,AA17,FUP,AA17_FUP,1/31/19
AA1714_FUP,AA1714_FUP,AA,42,AA17,FUP,AA17_FUP,1/31/19
AA1715_FUP,AA1715_FUP,AA,45,AA17,FUP,AA17_FUP,1/31/19
AA1716_FUP,AA1716_FUP,AA,48,AA17,FUP,AA17_FUP,1/31/19
AS1801_FUP,AS1801_FUP,AS,3,AS18,FUP,AS18_FUP,1/31/19
AS1802_FUP,AS1802_FUP,AS,6,AS18,FUP,AS18_FUP,1/31/19
AS1803_FUP,AS1803_FUP,AS,9,AS18,FUP,AS18_FUP,1/31/19
AS1804_FUP,AS1804_FUP,AS,12,AS18,FUP,AS18_FUP,1/31/19
AS1805_FUP,AS1805_FUP,AS,15,AS18,FUP,AS18_FUP,1/31/19
AS1806_FUP,AS1806_FUP,AS,18,AS18,FUP,AS18_FUP,1/31/19
AS1807_FUP,AS1807_FUP,AS,21,AS18,FUP,AS18_FUP,1/31/19
AS1808_FUP,AS1808_FUP,AS,24,AS18,FUP,AS18_FUP,1/31/19
AS1809_FUP,AS1809_FUP,AS,27,AS18,FUP,AS18_FUP,1/31/19
AS1810_FUP,AS1810_FUP,AS,30,AS18,FUP,AS18_FUP,1/31/19
AS1811_FUP,AS1811_FUP,AS,33,AS18,FUP,AS18_FUP,1/31/19
AS1812_FUP,AS1812_FUP,AS,36,AS18,FUP,AS18_FUP,1/31/19
AS1813_FUP,AS1813_FUP,AS,39,AS18,FUP,AS18_FUP,1/31/19
AS1814_FUP,AS1814_FUP,AS,42,AS18,FUP,AS18_FUP,1/31/19
AS1815_FUP,AS1815_FUP,AS,45,AS18,FUP,AS18_FUP,1/31/19
AS1816_FUP,AS1816_FUP,AS,48,AS18,FUP,AS18_FUP,1/31/19
AS1901_FUP,AS1901_FUP,AS,3,AS19,FUP,AS19_FUP,1/31/19
AS1902_FUP,AS1902_FUP,AS,6,AS19,FUP,AS19_FUP,1/31/19
AS1903_FUP,AS1903_FUP,AS,9,AS19,FUP,AS19_FUP,1/31/19
AS1904_FUP,AS1904_FUP,AS,12,AS19,FUP,AS19_FUP,1/31/19
AS1905_FUP,AS1905_FUP,AS,15,AS19,FUP,AS19_FUP,1/31/19
AS1906_FUP,AS1906_FUP,AS,18,AS19,FUP,AS19_FUP,1/31/19
AS1907_FUP,AS1907_FUP,AS,21,AS19,FUP,AS19_FUP,1/31/19
AS1908_FUP,AS1908_FUP,AS,24,AS19,FUP,AS19_FUP,1/31/19
AS1909_FUP,AS1909_FUP,AS,27,AS19,FUP,AS19_FUP,1/31/19
AS1910_FUP,AS1910_FUP,AS,30,AS19,FUP,AS19_FUP,1/31/19
AS1911_FUP,AS1911_FUP,AS,33,AS19,FUP,AS19_FUP,1/31/19
AS1912_FUP,AS1912_FUP,AS,36,AS19,FUP,AS19_FUP,1/31/19
AS1913_FUP,AS1913_FUP,AS,39,AS19,FUP,AS19_FUP,1/31/19
AS1914_FUP,AS1914_FUP,AS,42,AS19,FUP,AS19_FUP,1/31/19
AS1915_FUP,AS1915_FUP,AS,45,AS19,FUP,AS19_FUP,1/31/19
AS1916_FUP,AS1916_FUP,AS,48,AS19,FUP,AS19_FUP,1/31/19